Rank,Movie Title (click to view),Studio,Total Gross,Theaters,Opening,Theaters,Open,Close
1,Marvel's The Avengers,BV,"$623,357,910","4,349","$207,438,708","4,349",5/4,10/4
2,The Dark Knight Rises,WB,"$448,139,099","4,404","$160,887,295","4,404",7/20,12/13
3,The Hunger Games,LGF,"$408,010,692","4,137","$152,535,747","4,137",3/23,9/6
4,Skyfall,Sony,"$304,360,277","3,526","$88,364,714","3,505",11/9,3/10
5,The Hobbit: An Unexpected Journey,WB (NL),"$303,003,568","4,100","$84,617,303","4,045",12/14,4/25
6,The Twilight Saga: Breaking Dawn Part 2,LG/S,"$292,324,737","4,070","$141,067,634","4,070",11/16,3/7
7,The Amazing Spider-Man,Sony,"$262,030,663","4,318","$62,004,688","4,318",7/3,10/14
8,Brave,BV,"$237,283,207","4,164","$66,323,594","4,164",6/22,1/17
9,Ted,Uni.,"$218,815,487","3,303","$54,415,205","3,239",6/29,10/25
10,Madagascar 3: Europe's Most Wanted,P/DW,"$216,391,482","4,263","$60,316,738","4,258",6/8,10/18
11,Dr. Seuss' The Lorax,Uni.,"$214,030,500","3,769","$70,217,070","3,729",3/2,7/26
12,Wreck-It Ralph,BV,"$189,422,889","3,752","$49,038,712","3,752",11/2,5/2
13,Lincoln,BV,"$182,207,973","2,293","$944,308",11,11/9,4/25
14,MIB 3,Sony,"$179,020,854","4,248","$54,592,779","4,248",5/25,9/9
15,Django Unchained,Wein.,"$162,805,434","3,012","$30,122,888","3,010",12/25,5/16
16,Ice Age: Continental Drift,Fox,"$161,321,843","3,886","$46,629,259","3,881",7/13,2/7
17,Snow White and the Huntsman,Uni.,"$155,332,381","3,777","$56,217,700","3,773",6/1,9/6
18,Les Miserables (2012),Uni.,"$148,809,770","2,927","$27,281,735","2,814",12/25,4/4
19,Hotel Transylvania,Sony,"$148,313,048","3,375","$42,522,194","3,349",9/28,2/28
20,Taken 2,Fox,"$139,854,287","3,706","$49,514,769","3,661",10/5,2/21
21,21 Jump Street,Sony,"$138,447,667","3,148","$36,302,612","3,121",3/16,7/1
22,Argo,WB,"$136,025,503","3,247","$19,458,109","3,232",10/12,4/24
23,Silver Linings Playbook,Wein.,"$132,092,958","2,809","$443,003",16,11/16,6/6
24,Prometheus,Fox,"$126,477,084","3,442","$51,050,101","3,396",6/8,9/20
25,Safe House,Uni.,"$126,373,434","3,121","$40,172,720","3,119",2/10,5/17
26,The Vow,SGem,"$125,014,030","3,038","$41,202,458","2,958",2/10,5/17
27,Life of Pi,Fox,"$124,987,023","2,946","$22,451,514","2,927",11/21,7/25
28,Magic Mike,WB,"$113,721,571","3,120","$39,127,170","2,930",6/29,9/27
29,The Bourne Legacy,Uni.,"$113,203,870","3,753","$38,142,825","3,745",8/10,11/8
30,Journey 2: The Mysterious Island,WB (NL),"$103,860,290","3,500","$27,335,363","3,470",2/10,6/28
31,Rise of the Guardians,P/DW,"$103,412,758","3,672","$23,773,465","3,653",11/21,4/11
32,Zero Dark Thirty,Sony,"$95,720,716","2,946","$417,150",5,12/19,3/31
33,Flight,Par.,"$93,772,375","2,638","$24,900,566","1,884",11/2,2/14
34,Think Like a Man,SGem,"$91,547,205","2,052","$33,636,303","2,015",4/20,7/8
35,The Campaign,WB,"$86,907,746","3,302","$26,588,460","3,205",8/10,11/22
36,The Expendables 2,LGF,"$85,028,192","3,355","$28,591,370","3,316",8/17,11/22
37,Wrath of the Titans,WB,"$83,670,083","3,545","$33,457,188","3,545",3/30,6/28
38,Jack Reacher,Par.,"$80,070,736","3,352","$15,210,156","3,352",12/21,3/21
39,Dark Shadows,WB,"$79,727,149","3,755","$29,685,274","3,755",5/11,8/16
40,Parental Guidance,Fox,"$77,267,296","3,368","$14,554,053","3,367",12/25,5/23
41,John Carter,BV,"$73,078,100","3,749","$30,180,188","3,749",3/9,6/28
42,Act of Valor,Rela.,"$70,012,847","3,053","$24,476,632","3,039",2/24,6/7
43,This Is 40,Uni.,"$67,544,505","2,931","$11,579,175","2,912",12/21,2/28
44,Contraband,Uni.,"$66,528,000","2,870","$24,349,815","2,863",1/13,3/15
45,Looper,TriS,"$66,486,205","2,993","$20,801,552","2,992",9/28,1/1
46,Tyler Perry's Madea's Witness Protection,LGF,"$65,653,242","2,161","$25,390,575","2,161",6/29,9/20
47,Battleship,Uni.,"$65,422,625","3,702","$25,534,825","3,690",5/18,8/2
48,Pitch Perfect,Uni.,"$65,001,093","2,787","$5,149,433",335,9/28,2/14
49,Mirror Mirror,Rela.,"$64,935,167","3,618","$18,132,085","3,603",3/30,8/16
50,Chronicle (2012),Fox,"$64,575,175","2,908","$22,004,098","2,907",2/3,6/7
51,Hope Springs,Sony,"$63,536,011","2,441","$14,650,121","2,361",8/8,10/21
52,Underworld Awakening,SGem,"$62,321,039","3,078","$25,306,725","3,078",1/20,3/8
53,The Lucky One,WB,"$60,457,138","3,175","$22,518,358","3,155",4/20,7/19
54,The Dictator,Par.,"$59,650,222","3,014","$17,435,092","3,008",5/16,7/26
55,Total Recall (2012),Sony,"$58,877,969","3,601","$25,577,758","3,601",8/3,10/7
56,Titanic 3D,Par.,"$57,884,114","3,674","$17,285,453","2,674",4/4,6/7
57,American Reunion,Uni.,"$57,011,521","3,203","$21,514,080","3,192",4/6,5/31
58,ParaNorman,Focus,"$56,003,051","3,455","$14,087,050","3,429",8/17,1/3
59,This Means War,Fox,"$54,760,791","3,189","$17,405,930","3,189",2/17,6/14
60,Project X,WB,"$54,731,865","3,055","$21,051,363","3,055",3/2,5/17
61,The Woman in Black,CBS,"$54,333,290","2,856","$20,874,072","2,855",2/3,5/3
62,Paranormal Activity 4,Par.,"$53,900,335","3,412","$29,003,866","3,412",10/19,1/3
63,The Devil Inside,Par.,"$53,261,944","2,551","$33,732,515","2,285",1/6,3/22
64,The Odd Life of Timothy Green,BV,"$51,854,875","2,717","$10,822,903","2,598",8/15,1/17
65,Ghost Rider: Spirit of Vengeance,Sony,"$51,774,002","3,174","$22,115,334","3,174",2/17,5/10
66,The Grey,ORF,"$51,580,236","3,208","$19,665,101","3,185",1/27,4/19
67,Red Tails,Fox,"$49,876,377","2,573","$18,782,154","2,512",1/20,6/7
68,The Possession,LGF,"$49,130,154","2,860","$17,732,480","2,816",8/31,11/22
69,Diary of a Wimpy Kid: Dog Days,Fox,"$49,008,662","3,401","$14,623,599","3,391",8/3,12/20
70,Sinister,LG/S,"$48,086,903","2,542","$18,007,634","2,527",10/12,1/3
71,Beauty and the Beast (3D),BV,"$47,617,067","2,625","$17,751,905","2,625",1/13,5/3
72,Savages (2012),Uni.,"$47,382,068","2,635","$16,016,910","2,628",7/6,9/6
73,The Best Exotic Marigold Hotel,FoxS,"$46,412,041","1,298","$737,051",27,5/4,10/25
74,Moonrise Kingdom,Focus,"$45,512,466",924,"$522,996",4,5/25,11/1
75,Here Comes the Boom,Sony,"$45,290,318","3,014","$11,816,596","3,014",10/12,2/18
76,Red Dawn (2012),FD,"$44,806,783","2,781","$14,276,668","2,724",11/21,2/21
77,The Three Stooges,Fox,"$44,338,224","3,482","$17,010,125","3,477",4/13,8/16
78,Star Wars: Episode I - The Phantom Menace (in 3D),Fox,"$43,456,382","2,655","$22,469,932","2,655",2/10,5/28
79,Resident Evil: Retribution,SGem,"$42,345,531","3,016","$21,052,227","3,012",9/14,11/11
80,The Cabin in the Woods,LGF,"$42,073,277","2,811","$14,743,614","2,811",4/13,7/12
81,What to Expect When You're Expecting,LGF,"$41,152,203","3,021","$10,547,068","3,021",5/18,8/2
82,Finding Nemo (3D),BV,"$41,128,283","2,904","$16,687,773","2,904",9/14,1/17
83,End of Watch,ORF,"$41,003,371","2,780","$13,152,683","2,730",9/21,1/17
84,Rock of Ages,WB (NL),"$38,518,613","3,470","$14,437,269","3,470",6/15,8/16
85,Abraham Lincoln: Vampire Hunter,Fox,"$37,519,139","3,109","$16,306,974","3,108",6/22,9/20
86,Lawless,Wein.,"$37,400,127","3,138","$10,001,982","2,888",8/29,11/29
87,The Guilt Trip,Par.,"$37,134,215","2,431","$5,290,629","2,431",12/19,3/7
88,That's My Boy,Sony,"$36,931,089","3,030","$13,453,714","3,030",6/15,7/22
89,Trouble with the Curve,WB,"$35,763,137","3,212","$12,162,040","3,212",9/21,12/13
90,The Watch,Fox,"$35,353,000","3,168","$12,750,297","3,168",7/27,10/18
91,Frankenweenie,BV,"$35,291,068","3,005","$11,412,213","3,005",10/5,2/28
92,Step Up Revolution,LG/S,"$35,074,677","2,606","$11,731,708","2,567",7/27,10/4
93,Tyler Perry's Good Deeds,LGF,"$35,025,791","2,132","$15,583,924","2,132",2/24,5/17
94,"Monsters, Inc. (3D)",BV,"$34,043,006","2,618","$4,774,686","2,618",12/19,5/2
95,2016 Obama's America,RM,"$33,449,086","2,017","$31,610",1,7/13,10/11
96,House at the End of The Street,Rela.,"$31,611,916","3,083","$12,287,234","3,083",9/21,12/20
97,The Pirates! Band of Misfits,Sony,"$31,051,126","3,358","$11,137,734","3,358",4/27,8/5
98,Joyful Noise,WB,"$30,932,113","2,735","$11,225,190","2,735",1/13,3/22
99,Chimpanzee,BV,"$28,972,764","1,567","$10,673,748","1,563",4/20,8/9
100,The Five-Year Engagement,Uni.,"$28,835,528","2,941","$10,610,060","2,936",4/27,6/21
Summary of 667 Movies on Chart:
Totals:,"$10,959,497,325",-,-,-,-,-
Averages:,"$16,431,030",-,-,-,-,-
""
Rank,Movie Title (click to view),Studio,Total Gross,Theaters,Opening,Theaters,Open,Close
101,Cloud Atlas,WB,"$27,108,272","2,023","$9,612,247","2,008",10/26,1/24
102,One For the Money,LGF,"$26,414,527","2,737","$11,515,790","2,737",1/27,4/12
103,Alex Cross,LG/S,"$25,888,412","2,541","$11,396,768","2,539",10/19,1/3
104,Katy Perry: Part of Me,Par.,"$25,326,071","2,732","$7,138,266","2,730",7/5,8/30
105,Sparkle (2012),TriS,"$24,397,469","2,244","$11,643,342","2,244",8/17,9/30
106,Premium Rush,Sony,"$20,275,446","2,255","$6,030,164","2,255",8/24,10/21
107,Big Miracle,Uni.,"$20,157,300","2,133","$7,760,205","2,129",2/3,4/5
108,The Secret World of Arrietty,BV,"$19,202,743","1,522","$6,446,395","1,522",2/17,6/7
109,The Impossible,LG/S,"$19,019,882",886,"$143,818",15,12/21,4/18
110,Haywire,Rela.,"$18,942,396","2,441","$8,425,370","2,439",1/20,3/22
111,Man on a Ledge,LG/S,"$18,620,000","2,998","$8,001,932","2,998",1/27,3/1
112,A Thousand Words,P/DW,"$18,450,127","1,895","$6,176,280","1,890",3/9,5/31
113,Chernobyl Diaries,WB,"$18,119,640","2,433","$7,955,307","2,433",5/25,7/19
114,The Perks of Being a Wallflower,LG/S,"$17,742,948",745,"$228,359",4,9/21,2/7
115,Silent Hill: Revelation 3D,ORF,"$17,529,157","2,933","$8,023,036","2,933",10/26,12/16
116,Wanderlust,Uni.,"$17,450,535","2,002","$6,526,650","2,002",2/24,4/5
117,Safe (2012),LGF,"$17,142,080","2,271","$7,892,539","2,266",4/27,6/21
118,To Rome with Love,SPC,"$16,685,867",806,"$361,359",5,6/22,11/15
119,The Master,Wein.,"$16,377,274",864,"$736,311",5,9/14,3/14
120,The Raven,Rela.,"$16,008,272","2,209","$7,289,642","2,203",4/27,7/12
121,The Man with the Iron Fists,Uni.,"$15,634,090","1,872","$7,910,980","1,868",11/2,12/20
122,Killing Them Softly,Wein.,"$15,026,056","2,424","$6,812,900","2,424",11/30,2/21
123,Seven Psychopaths,CBS,"$15,024,049","1,480","$4,174,915","1,480",10/12,12/20
124,To the Arctic (IMAX),WB,"$14,445,936",52,"$270,228",50,4/20,-
125,Lockout,FD,"$14,326,864","2,335","$6,231,836","2,308",4/13,5/24
126,Hit and Run,ORF,"$13,749,300","2,870","$4,526,222","2,870",8/22,10/11
127,Dredd,LGF,"$13,414,714","2,557","$6,278,491","2,506",9/21,11/1
128,Playing for Keeps,FD,"$13,102,272","2,840","$5,750,288","2,837",12/7,2/21
129,Anna Karenina,Focus,"$12,816,367",422,"$320,690",16,11/16,2/28
130,Beasts of the Southern Wild,FoxS,"$12,795,746",318,"$169,702",4,6/27,3/21
131,Silent House,ORF,"$12,754,783","2,124","$6,661,234","2,124",3/9,5/3
132,Cirque Du Soleil: Worlds Away,Par.,"$12,512,862",840,"$2,162,993",840,12/21,2/14
133,People Like Us,BV,"$12,434,778","2,055","$4,255,423","2,055",6/29,8/30
134,Gone,LG/S,"$11,682,205","2,186","$4,770,360","2,186",2/24,4/12
135,The Words,CBS,"$11,494,838","2,801","$4,750,894","2,801",9/7,10/4
136,The Intouchables (U.S.-only),Wein.,"$10,198,820",194,"$103,507",4,5/25,1/17
137,Fun Size,Par.,"$9,409,538","3,016","$4,101,017","3,014",10/26,12/13
138,Bernie,MNE,"$9,206,470",332,"$85,805",3,4/27,9/20
139,Salmon Fishing in the Yemen,CBS,"$9,047,981",524,"$225,894",18,3/9,6/7
140,Arbitrage,RAtt.,"$7,919,574",256,"$2,002,165",197,9/14,1/17
141,Promised Land (2012),Focus,"$7,597,898","1,676","$173,915",25,12/28,1/24
142,Friends with Kids,RAtt.,"$7,251,073",640,"$2,019,083",369,3/9,6/14
143,Seeking a Friend for the End of the World,Focus,"$7,078,738","1,625","$3,822,803","1,625",6/22,7/5
144,The Collection,LD,"$6,842,058","1,403","$3,104,269","1,403",11/30,12/30
145,Amour,SPC,"$6,739,492",333,"$68,266",3,12/19,5/16
146,Hyde Park on Hudson,Focus,"$6,376,145",246,"$81,362",4,12/7,3/28
147,Hitchcock,FoxS,"$6,008,677",561,"$287,715",17,11/23,3/14
148,Chasing Mavericks,Fox,"$6,002,756","2,030","$2,268,274","2,002",10/26,1/13
149,The Sessions,FoxS,"$6,002,451",516,"$113,467",4,10/19,3/14
150,Casa De Mi Padre,LGF,"$5,909,483",475,"$2,287,239",382,3/16,5/17
151,For Greater Glory,ArcEnt,"$5,672,846",757,"$1,885,608",757,6/1,8/16
152,Won't Back Down,Fox,"$5,310,554","2,517","$2,603,370","2,515",9/28,11/22
153,October Baby (2012),Gold.,"$5,157,886",390,"$1,697,130",390,3/23,6/14
154,The Apparition,WB,"$4,936,819",810,"$2,841,488",810,8/24,10/11
155,"Jeff, Who Lives at Home",ParV,"$4,269,426",513,"$855,709",254,3/16,5/17
156,Goon,Magn.,"$4,168,528",242,"$1,232,860",241,2/24,5/31
157,The Raid: Redemption,SPC,"$4,105,187",881,"$213,785",14,3/23,7/12
158,Safety Not Guaranteed,FD,"$4,010,957",182,"$97,762",9,6/8,10/18
159,Bully (PG-13),Wein.,"$3,863,446",263,"$535,433",158,4/13,6/21
160,The Cold Light of Day,LG/S,"$3,763,583","1,511","$1,831,588","1,511",9/7,10/4
161,Searching for Sugar Man,SPC,"$3,696,196",157,"$27,459",3,7/27,8/22
162,Nitro Circus the Movie 3D,ArcEnt,"$3,377,618",800,"$1,183,701",800,8/8,10/11
163,Atlas Shrugged: Part II,ADC,"$3,336,053","1,012","$1,751,572","1,012",10/12,11/29
164,Last Ounce of Courage,RM,"$3,329,674","1,407","$1,585,994","1,407",9/14,10/11
165,Robot & Frank,Gold.,"$3,325,038",209,"$35,539",2,8/17,1/21
166,Raiders of the Lost Ark (IMAX),Par.,"$3,125,613",322,"$1,673,731",267,9/7,10/4
167,Celeste and Jesse Forever,SPC,"$3,094,813",586,"$107,785",4,8/3,12/13
168,Jab Tak Hai Jaan,Yash,"$3,047,539",164,"$1,283,585",161,11/13,11/25
169,Albert Nobbs,RAtt.,"$3,014,696",245,"$696,088",245,1/27,5/17
170,Talaash,Relbig.,"$2,871,956",172,"$1,638,706",172,11/30,1/10
171,Barfi!,UTV,"$2,804,874",132,"$1,061,713",132,9/14,10/28
172,Samsara,Osci.,"$2,672,413",70,"$76,222",2,8/24,4/25
173,Girl in Progress,LGF,"$2,609,412",322,"$1,384,078",322,5/11,6/21
174,Jiro Dreams of Sushi,Magn.,"$2,552,478",80,"$42,035",2,3/9,8/23
175,Ruby Sparks,FoxS,"$2,540,106",261,"$140,822",13,7/25,10/25
176,Dabangg 2,Eros,"$2,519,190",166,"$1,019,213",166,12/21,1/24
177,The Queen of Versailles,Magn.,"$2,401,999",89,"$51,326",3,7/20,11/22
178,Ek Tha Tiger,Yash,"$2,347,774",120,"$1,139,340",120,8/15,8/26
179,Sleepwalk with Me,IFC,"$2,266,067",135,"$68,801",1,8/24,11/22
180,Rust and Bone,SPC,"$2,062,027",168,"$27,154",2,11/23,4/4
181,Monsieur Lazhar (U.S.-only),MBox,"$2,009,517",86,"$112,190",19,4/13,10/11
182,Footnote,SPC,"$2,007,758",101,"$47,528",2,3/9,7/12
183,Killer Joe,LD,"$1,987,762",75,"$37,900",3,7/27,10/14
184,Agneepath,Eros,"$1,986,748",132,"$1,140,464",132,1/26,2/23
185,English Vinglish,Eros,"$1,862,086",88,"$745,414",88,10/5,11/25
186,Crooked Arrows,BPE,"$1,832,541",327,"$257,364",55,5/18,7/19
187,Hysteria,SPC,"$1,804,139",218,"$35,656",5,5/18,9/27
188,Housefull 2,Eros,"$1,791,780",121,"$847,132",121,4/6,5/17
189,2012 Oscar Nominated Short Films,Shrts.,"$1,702,415",146,"$412,304",120,2/10,3/29
190,Your Sister's Sister,IFC,"$1,636,190",101,"$109,221",13,6/15,8/26
191,Singin' In the Rain (2012 re-release),WB,"$1,608,925",561,"$587,211",561,7/12,8/26
192,Farewell My Queen,Cohen,"$1,597,998",64,"$72,100",4,7/13,10/18
193,A Late Quartet,EOne,"$1,562,546",100,"$75,279",9,11/2,3/14
194,A Royal Affair,Magn.,"$1,546,761",56,"$38,212",7,11/9,5/2
195,The Dark Knight (2012 re-release),WB,"$1,513,086",N/A,N/A,N/A,7/19,7/19
196,Batman Begins (2012 re-release),WB,"$1,508,658",N/A,N/A,N/A,7/19,7/19
197,Kid With a Bike,IFC,"$1,470,000",86,"$45,933",3,3/16,6/14
198,Marley,Magn.,"$1,413,480",73,"$262,004",42,4/20,8/16
199,Chasing Ice,SD,"$1,328,467",53,N/A,N/A,11/9,5/2
200,Air Racers 3D,3D,"$1,309,987",10,N/A,N/A,4/6,9/9
Summary of 667 Movies on Chart:
Totals:,"$10,959,497,325",-,-,-,-,-
Averages:,"$16,431,030",-,-,-,-,-
""
Rank,Movie Title (click to view),Studio,Total Gross,Theaters,Opening,Theaters,Open,Close
201,The Other Son,Cohen,"$1,285,918",53,"$125,691",41,10/26,2/10
202,"For a Good Time, Call... ",Focus,"$1,251,749",107,"$143,935",23,8/31,10/11
203,Take This Waltz,Magn.,"$1,239,692",64,"$137,019",30,6/29,9/27
204,Cocktail (2012),Eros,"$1,227,789",96,"$647,956",96,7/13,8/9
205,Bol Bachchan,FIP,"$1,216,258",98,"$561,996",98,7/6,7/29
206,Woman Thou Art Loosed!: On the 7th Day,Code,"$1,213,128",106,"$641,542",102,4/13,5/31
207,Headhunters,Magn.,"$1,200,010",60,"$43,013",4,4/27,8/16
208,Ek Main Aur Ekk Tu,UTV,"$1,155,545",111,"$637,100",111,2/10,3/22
209,Casablanca (2012 re-release),WB,"$1,155,330",507,N/A,N/A,3/21,4/26
210,The Deep Blue Sea,MBox,"$1,126,525",61,"$123,841",31,3/23,8/30
211,Oogieloves In The BIG Balloon Adventure,KVP,"$1,065,907","2,160","$443,901","2,160",8/29,9/20
212,In Darkness,SPC,"$1,041,455",52,"$27,413",3,2/10,5/17
213,Diana Vreeland: The Eye Has to Travel,Gold.,"$1,017,579",27,"$63,700",3,9/21,2/21
214,First Position,IFC,"$1,014,071",58,"$48,024",5,5/4,6/28
215,Barbara,AF,"$1,013,902",23,"$63,410",15,12/21,7/11
216,Damsels in Distress,SPC,"$1,008,455",205,"$58,589",4,4/6,8/23
217,Unconditional,VMP,"$1,005,800",312,"$525,192",312,9/21,10/7
218,Burn,CB,"$996,103",14,N/A,N/A,7/24,-
219,Rampart,MNE,"$972,512",106,"$60,446",5,2/10,5/10
220,Masquerade (2012),CJ,"$922,921",15,N/A,N/A,9/21,4/18
221,The Imposter,IM,"$898,317",31,"$22,379",1,7/13,12/2
222,Bill W.,P124,"$809,590",31,N/A,N/A,5/18,-
223,Darling Companion,SPC,"$793,815",64,"$39,962",4,4/20,8/23
224,Thin Ice,ATO,"$790,421",53,"$183,527",53,2/17,5/24
225,Teri Meri Kahaani,Eros,"$781,196",94,"$405,926",94,6/22,7/15
226,Meerkats,NGE,"$777,595",8,N/A,N/A,5/26,11/7
227,Rowdy Rathore,UTV,"$777,373",120,"$381,784",120,6/1,7/5
228,Son of Sardaar,Eros,"$771,789",109,"$341,552",109,11/13,12/13
229,Cosmopolis,EOne,"$763,556",65,"$70,339",3,8/17,10/4
230,Coriolanus,Wein.,"$757,195",21,"$61,136",9,1/20,5/31
231,On the Road,IFC,"$744,296",107,"$39,550",4,12/21,5/2
232,Agent Vinod,Eros,"$698,210",122,"$427,043",122,3/23,4/15
233,The Paperboy,MNE,"$693,286",76,"$102,706",11,10/5,11/22
234,The Thieves,WGUSA,"$685,839",22,"$136,993",11,10/12,12/20
235,Student of the Year,Eros,"$670,086",106,"$326,508",106,10/19,11/11
236,The Polar Express (2012 re-issue),WB,"$669,289",17,"$73,514",15,11/21,1/3
237,Holy Motors,IM,"$641,100",29,"$18,866",2,10/17,1/27
238,2 Days in New York,Magn.,"$633,210",42,"$23,942",2,8/10,11/15
239,Not Fade Away,ParV,"$610,792",565,"$19,182",3,12/21,1/24
240,Heroine,UTV,"$598,668",114,"$389,901",114,9/21,10/11
241,Blue Like Jazz,RAtt.,"$595,018",136,"$261,190",136,4/13,6/7
242,"Peace, Love and Misunderstanding",IFC,"$590,700",76,"$105,960",31,6/8,7/12
243,Thunderstruck,WB,"$587,211",250,N/A,N/A,8/24,8/30
244,W.E.,Wein.,"$583,455",24,"$47,074",4,2/3,5/10
245,Undefeated (2012),Wein.,"$562,218",21,"$33,165",5,2/17,6/7
246,Vicky Donor,Eros,"$549,001",50,"$169,209",50,4/20,5/17
247,We Have a Pope,IFC,"$548,115",27,"$31,368",3,4/6,6/14
248,Being Flynn,Focus,"$540,152",88,"$43,990",4,3/2,4/12
249,Ai Weiwei: Never Sorry,IFC,"$534,100",37,"$41,104",5,7/27,9/27
250,Where Do We Go Now?,SPC,"$531,997",37,"$15,382",3,5/11,9/13
251,Shut Up and Play the Hits,Osci.,"$510,334",161,N/A,N/A,7/18,8/16
252,Delicacy,Cohen,"$498,584",N/A,N/A,N/A,3/16,-
253,The Flat,IFC,"$471,842",27,"$19,916",3,10/19,1/10
254,Bachelorette,RTWC,"$447,954",60,"$181,494",47,9/7,10/11
255,Ferrari Ki Sawaari,Eros,"$434,107",99,"$240,792",99,6/15,-
256,Seeking Justice,Anch.,"$411,746",231,"$249,912",231,3/16,4/5
257,Sound of My Voice,FoxS,"$408,015",48,"$36,134",5,4/27,6/28
258,Detropia,LF,"$390,024",24,"$17,414",1,9/7,2/28
259,The Well-Digger's Daughter,KL,"$386,368",16,"$10,273",3,7/20,-
260,Khiladi 786,Eros,"$379,466",115,"$228,967",115,12/7,-
261,Smashed,SPC,"$376,597",50,"$26,943",4,10/12,1/10
262,Piranha 3DD,W/Dim.,"$376,512",86,"$182,237",86,6/1,6/21
263,The Oranges,ATO,"$366,377",110,"$198,461",110,10/5,11/1
264,The Lady,Cohen,"$355,391",19,N/A,19,4/13,-
265,Branded,RAtt.,"$353,513",307,"$240,589",307,9/7,10/4
266,Chico & Rita,GK,"$350,524",23,"$20,654",1,2/10,4/12
267,A Werewolf Boy,CJ,"$342,922",20,N/A,20,11/30,1/10
268,Red Hook Summer,Vari.,"$338,803",41,"$40,070",4,8/10,11/22
269,Liberal Arts,IFC,"$327,345",31,"$27,435",4,9/14,11/22
270,The Central Park Five,IFC,"$325,653",22,"$30,570",3,11/23,1/31
271,Compliance,Magn.,"$319,285",21,"$16,427",1,8/17,11/1
272,The Salt of Life,Zeit.,"$317,405",19,"$19,176",2,3/2,8/23
273,Back to 1942,CL,"$312,954",20,"$105,702",20,11/30,1/10
274,The Flowers of War,WHE,"$311,434",30,"$48,448",30,1/20,4/26
275,West of Memphis,SPC,"$310,154",40,"$13,360",5,12/25,4/25
276,A Cat in Paris,GK,"$309,973",18,"$34,554",6,6/1,9/13
277,Love (2012),CL,"$309,200",15,"$83,178",7,2/17,4/12
278,Stolen (2012),MNE,"$304,318",141,"$183,125",141,9/14,9/27
279,Something From Nothing: The Art of Rap,IM,"$288,312",157,"$150,337",157,6/15,7/5
280,Bully (2012),Wein.,"$279,202",6,"$116,472",5,3/30,4/12
281,Love in the Buff,CL,"$256,451",14,"$91,233",10,3/30,5/10
282,Boy (2012),PalUni,"$256,211",18,"$21,244",2,3/2,-
283,Chicken with Plums,SPC,"$253,874",24,"$11,301",2,8/17,-
284,Lola Versus,FoxS,"$252,603",52,"$31,815",4,6/8,7/12
285,Keep the Lights On,MBox,"$246,112",10,"$55,574",5,9/7,12/27
286,The Waiting Room,ICir,"$244,951",8,"$7,086",4,9/26,5/16
287,My Uncle Rafael,RM,"$243,616",14,"$109,747",14,9/21,11/11
288,Gerhard Richter Painting,KL,"$242,646",9,"$13,537",1,3/14,8/9
289,Trishna,IFC,"$240,381",38,"$29,140",3,7/13,8/26
290,Middle of Nowhere (2012),AFFRM,"$236,806",25,"$67,909",6,10/12,12/13
291,Elena,Zeit.,"$233,380",13,"$9,035",1,5/16,10/25
292,Tezz,Eros,"$229,931",97,"$148,133",97,4/27,5/17
293,The Viral Factor,CL,"$220,496",22,"$63,235",22,1/20,3/29
294,Brooklyn Castle,PDA,"$219,407",13,"$18,761",2,10/19,3/7
295,Neil Young Journeys,SPC,"$215,026",23,"$12,025",3,6/29,10/18
296,Thaandavam,UTV,"$213,476",45,"$129,044",45,9/28,10/25
297,Tai Chi Zero,Vari.,"$212,094",31,"$85,094",31,10/19,11/29
298,Polisse,IFC,"$211,440",21,"$16,568",3,5/18,6/21
299,Somewhere Between,Long Shot,"$210,975",6,"$7,799",1,8/24,1/31
300,The House I Live In,Abr.,"$210,752",12,"$16,453",2,10/5,2/14
Summary of 667 Movies on Chart:
Totals:,"$10,959,497,325",-,-,-,-,-
Averages:,"$16,431,030",-,-,-,-,-
""
Rank,Movie Title (click to view),Studio,Total Gross,Theaters,Opening,Theaters,Open,Close
301,The Awakening (2012),Cohen,"$209,696",70,"$95,933",70,8/17,-
302,Little White Lies,MPI,"$206,088",14,"$25,654",3,8/24,11/1
303,Easy Money (2012),Wein.,"$205,741",7,"$24,684",2,7/11,9/13
304,Vettai,UTV,"$204,373",34,"$87,921",34,1/13,2/23
305,Touchback,Anch.,"$204,232",69,"$66,998",50,4/13,5/23
306,10 Years,Anch.,"$203,373",63,"$22,707",3,9/14,10/11
307,Tim & Eric's Billion Dollar Movie,Magn.,"$201,436",33,"$87,475",24,3/2,-
308,Any Day Now,MBox,"$201,395",19,"$40,489",16,12/14,4/4
309,A Simple Life,CL,"$191,826",13,"$43,372",9,4/13,10/4
310,Puella Magi Madoka Magica the Movie,Elev.,"$180,440",5,"$62,340",5,10/19,4/25
311,Lost Woods,Noct.,"$180,117",13,"$58,240",13,3/2,3/15
312,Fullmetal Alchemist: The Sacred Star of Milos,Elev.,"$177,802",42,"$119,300",42,1/20,3/8
313,Tere Naal Love Ho Gaya,UTV,"$177,743",49,"$94,583",49,2/24,3/22
314,Monumental: In Search of America's National Treasure,AAE,"$177,729",27,"$28,340",6,3/30,5/20
315,The Hunter (2012),Magn.,"$176,669",17,"$19,032",4,4/6,-
316,Grand Illusion (2012 re-release),Rialto,"$174,065",4,"$7,526",1,5/11,12/20
317,Battlefield America,CEB&B,"$172,000",188,"$113,882",188,6/1,6/14
318,Flying Swords of Dragon Gate,IM,"$170,276",15,"$95,452",15,8/31,-
319,Joker,UTV,"$169,181",74,"$105,366",74,8/31,9/20
320,Dark Horse,BM&DH,"$166,228",10,"$13,551",1,6/8,8/26
321,The Big Picture (2012),MPI,"$158,411",8,"$13,760",2,10/12,12/20
322,Crazy Horse,Zipp.,"$157,782",14,"$7,963",1,1/18,5/3
323,Elles,KL,"$157,508",13,"$24,286",6,4/27,9/13
324,Deadtime,Noct.,"$156,072",18,"$30,240",18,5/11,5/28
325,Shirin Farhad Ki Toh Nikal Padi,Eros,"$155,758",54,"$119,743",54,8/24,8/30
326,Sister (2012),AF,"$154,659",14,"$15,401",3,10/5,-
327,Unforgivable,Strand,"$154,189",6,"$27,857",5,6/29,11/1
328,Once Upon a Time in Anatolia,CGld,"$152,408",6,"$10,952",1,1/4,-
329,Bullhead,Drft.,"$151,840",34,"$32,267",7,2/17,5/3
330,Chakravyuh,Eros,"$151,778",79,"$97,896",79,10/24,11/15
331,Hecho En Mexico,LGF,"$151,133",26,"$76,123",12,11/30,12/20
332,Simon and the Oaks,TFA,"$150,664",17,"$9,964",1,10/12,11/22
333,Deadly Renovations,Noct.,"$146,146",13,"$42,588",13,6/8,6/28
334,I Wish,Magn.,"$145,808",12,"$10,919",5,5/11,8/23
335,From Beneath,Noct.,"$144,123",18,"$47,628",18,8/10,8/23
336,This Must Be the Place,Wein.,"$143,979",15,"$7,754",2,11/2,12/20
337,Luv Shuv Tey Chicken Khurana,UTV,"$143,507",60,"$95,364",60,11/2,11/15
338,High School,Anch.,"$139,034",200,"$82,832",200,6/1,6/14
339,Beloved (2012),IFC,"$137,515",7,"$25,825",5,8/17,9/20
340,Slaughter Creek,Noct.,"$136,815",16,"$49,392",16,9/14,9/27
341,Warriors of the Rainbow: Seediq Bale,WGUSA,"$136,166",13,"$57,183",12,4/27,-
342,The Other Dream Team,TFA,"$135,228",14,"$19,821",2,9/28,11/15
343,Kumare,KL,"$132,160",9,"$9,601",1,6/20,-
344,How to Survive a Plague,IFC,"$132,055",15,"$28,250",4,9/21,11/15
345,The Loneliest Planet,IFC,"$129,579",13,"$15,689",2,10/26,12/20
346,Forgiveness of Blood,IFC,"$126,700",12,"$26,724",3,2/24,4/19
347,Escape Fire,RAtt.,"$126,238",12,"$30,953",12,10/5,3/28
348,"Turn Me On, Dammit!",NYer,"$126,085",5,"$10,145",2,3/30,-
349,God Bless America,Magn.,"$122,550",15,"$27,308",14,5/11,7/12
350,Iron Sky,EOne,"$122,082",8,N/A,N/A,7/25,10/4
351,Cowgirls n' Angels,Gold.,"$120,680",50,"$54,675",50,5/25,6/14
352,Bel Ami,Magn.,"$120,462",15,"$38,018",15,6/8,8/2
353,Bullet Vanishes,CL,"$117,629",14,"$43,444",14,8/31,9/27
354,Beware of Mr. Baker,SF,"$116,476",15,"$12,195",1,11/28,3/14
355,The Woman in the Fifth,ATO,"$113,800",14,"$33,011",9,6/15,-
356,Burn (2012),A23,"$113,173",4,"$1,970",1,11/9,12/23
357,Follow Me: The Yoni Netanyahu Story,ICir,"$112,679",19,"$7,882",1,5/4,8/9
358,Wild Horse Wild Ride,Scre.,"$111,205",21,"$3,610",1,8/24,10/18
359,The Obama Effect,ArcEnt,"$110,904",25,"$83,896",25,7/13,8/2
360,The Perfect Family,Vari.,"$110,313",25,"$14,300",5,5/4,6/21
361,5 Broken Cameras,KL,"$109,983",9,"$6,674",1,5/30,-
362,Hello I Must Be Going,Osci.,"$106,709",15,"$23,904",2,9/7,11/22
363,Butter,RTWC,"$105,018",90,"$70,931",90,10/5,10/11
364,The Magic of Belle Isle,Magn.,"$102,388",10,"$10,367",4,7/6,9/6
365,"Oslo, August 31st",Strand,"$101,475",7,"$9,564",2,5/25,9/20
366,Wuthering Heights (2012),Osci.,"$100,915",12,"$8,956",1,10/5,12/6
367,Mugamoodi,UTV,"$100,809",21,"$55,501",21,8/31,9/27
368,V/H/S,Magn.,"$100,345",19,"$36,402",16,10/5,11/15
369,360,Magn.,"$100,343",12,"$12,186",2,8/3,9/27
370,Hardflip,RM,"$96,734",22,"$49,879",22,6/1,6/24
371,Goodbye First Love,IFC,"$95,000",5,"$21,077",4,4/20,5/17
372,The Road (2012),Free,"$92,476",50,"$56,692",50,5/11,5/24
373,Starlet,MBox,"$88,212",10,"$15,662",6,11/9,2/21
374,Marina Abramovic: The Artist is Present,MBox,"$86,637",5,"$11,041",2,6/13,10/11
375,The Eye of the Storm,SEG,"$83,566",9,"$25,785",7,9/7,11/8
376,Hating Breitbart,RM,"$81,432",8,"$40,673",4,10/19,11/8
377,Harvest of Empire,Onyx,"$79,627",2,N/A,N/A,9/28,5/16
378,The Innkeepers,Magn.,"$78,396",25,"$29,557",25,2/3,3/1
379,This is Not a Film,PalT,"$77,016",5,"$12,608",5,2/29,1/17
380,The Island President,Gold.,"$76,398",5,"$13,998",2,3/28,-
381,Hara-Kiri: Death of a Samurai,Trib.,"$75,688",5,"$10,920",2,7/20,11/1
382,On the Ice,PMKBNC,"$73,492",5,"$17,901",4,2/17,5/3
383,Detachment,Trib.,"$72,689",15,"$10,739",2,3/16,-
384,The Invisible War,Cdgm.,"$71,968",19,"$16,500",4,6/22,-
385,Runaway Slave,RM,"$71,737",6,"$3,626",1,7/6,8/9
386,My Way (2012),CJ,"$70,177",22,"$17,817",22,4/20,6/3
387,Taur Mittran Di,Eros,"$69,510",24,"$49,926",24,5/11,-
388,An Inconsistent Truth,RM,"$69,394",3,"$20,733",1,1/27,3/15
389,Intruders,MNE,"$69,136",33,"$40,746",33,3/30,4/12
390,Klown,Drft.,"$68,795",16,"$19,683",3,7/27,9/20
391,Deadfall (2012),Magn.,"$66,351",17,"$19,391",11,12/7,1/24
392,Toys in the Attic,Hann.,"$64,918",27,"$19,913",27,9/7,10/18
393,Girlfriend Boyfriend - GF BF,CL,"$64,414",16,"$29,016",16,8/3,8/16
394,The Details,RTWC,"$63,595",73,"$18,528",14,11/2,11/11
395,Let the Bullets Fly,Vari.,"$63,012",10,"$11,287",5,3/2,4/26
396,Backwards,Da.,"$61,465",9,"$23,190",5,9/21,-
397,The Bodyguard (2012 re-release),WB,"$61,020",484,N/A,N/A,3/28,-
398,Neighboring Sounds,CGld,"$60,255",3,"$12,666",2,8/24,6/13
399,Gregory Crewdson: Brief Encounters,Zeit.,"$60,064",3,"$1,492",1,11/2,3/14
400,Declaration of War,IFC,"$59,100",11,"$12,791",6,1/27,3/15
Summary of 667 Movies on Chart:
Totals:,"$10,959,497,325",-,-,-,-,-
Averages:,"$16,431,030",-,-,-,-,-
""
Rank,Movie Title (click to view),Studio,Total Gross,Theaters,Opening,Theaters,Open,Close
401,Vulgaria,CL,"$59,059",16,"$31,097",16,9/28,10/18
402,Side By Side,Trib.,"$58,825",9,"$6,956",1,8/17,11/15
403,Beyond the Black Rainbow,Magn.,"$56,491",5,"$4,957",2,5/18,8/2
404,The Turin Horse,CGld,"$56,391",3,"$9,145",1,2/10,4/25
405,Natural Selection,CGld,"$55,282",3,"$10,375",1,3/16,-
406,Deitrick Haddon's A Beautiful Soul,TMF&RE,"$54,008",20,"$46,410",20,5/4,5/13
407,Dangerous Liaisons (2012),WGUSA,"$54,000",6,"$18,027",6,11/9,12/6
408,Surviving Progress,FRun,"$53,953",6,"$4,161",2,4/6,9/20
409,Free Men,FM,"$53,810",4,N/A,N/A,3/16,-
410,A Trip to the Moon/The Extraordinary Voyage,FA,"$52,986",6,"$2,915",3,2/10,8/30
411,Occupy Unmasked,Magn.,"$52,768",4,"$40,952",4,9/21,10/4
412,Red Lights (2012),MNE,"$52,624",18,"$10,340",2,7/13,8/16
413,Jodi Breakers,Yash,"$52,618",45,"$52,618",45,2/24,2/26
414,Painted Skin: The Resurrection,WGUSA,"$50,425",6,"$17,791",6,8/17,-
415,Wake in Fright,Drft.,"$50,394",12,"$6,761",1,10/5,12/27
416,The Fitzgerald Family Christmas,Trib.,"$50,292",21,"$13,800",4,12/7,1/3
417,"All's Well, End's Well (2012)",CL,"$47,919",20,"$23,250",20,1/27,2/16
418,War of the Buttons (2012),Wein.,"$47,771",35,"$4,737",5,10/12,11/8
419,Sing Your Song,S2BN,"$47,718",4,"$13,459",2,1/13,6/3
420,Step Up to the Plate,CGld,"$47,439",6,"$5,643",2,9/14,3/7
421,Ballplayer: Pelotero,Strand,"$46,109",10,"$20,628",10,7/13,9/13
422,The Pruitt-Igoe Myth,FRun,"$44,883",6,"$4,721",1,1/20,5/3
423,Union Square,Da.,"$44,830",4,"$14,406",4,7/13,9/3
424,Double Trouble ,CL,"$44,788",12,"$17,978",12,6/8,6/21
425,OC87,FKF,"$43,583",6,"$5,733",1,5/25,-
426,The Graduate: 45th Anniversary Reunion,Rialto,"$43,466",2,"$5,778",1,4/11,8/23
427,All Together,KL,"$43,180",10,"$12,887",10,10/19,5/19
428,Nobody Else But You,FRun,"$43,040",4,"$3,759",2,5/11,10/18
429,Last Call at the Oasis,ATO,"$42,423",6,"$8,899",3,5/4,5/24
430,Fixing the Future,A23,"$42,393",N/A,N/A,N/A,7/18,-
431,Fat Kid Rules the World,OutF,"$41,457",1,"$1,450",1,10/5,10/11
432,The Comedy,Trib.,"$41,113",4,"$6,000",1,11/9,1/3
433,The FP,Drft.,"$40,557",28,"$15,465",28,3/16,5/6
434,Paan Singh Tomar,UTV,"$40,311",10,"$20,568",10,3/2,3/22
435,Soldiers of Fortune,RAtt.,"$38,898",50,"$24,978",50,8/3,8/16
436,Paul Williams Still Alive,Abr.,"$38,691",2,"$6,116",1,6/8,8/2
437,Death by China,A23,"$38,492",3,"$5,701",1,8/17,11/15
438,The Fairy,KL,"$38,399",6,"$4,199",2,2/24,8/2
439,Wagner & Me,FRun,"$37,745",4,"$4,891",2,12/7,-
440,Children of Paradise (2012 re-release),Jan.,"$36,986",2,"$10,741",2,3/9,3/29
441,Mansome,Pala.,"$36,280",20,"$18,395",20,5/18,5/31
442,The Inbetweeners Movie,WHE,"$36,000",10,"$36,000",10,9/7,-
443,Bangkok Revenge,CL,"$35,784",22,"$22,116",22,9/14,9/27
444,Fetih 1453: The Conquest of Constantinople,NeoC,"$35,730",4,"$35,730",4,4/6,4/8
445,Max et les Ferrailleurs (Max and the Junkmen) (2012 re-release),Rialto,"$35,387",2,"$11,264",1,8/10,-
446,Comic-Con Episode IV: A Fan's Hope,WHE,"$34,665",6,"$8,203",3,4/6,4/29
447,Orchestra of Exiles,FRun,"$34,577",5,"$6,719",1,10/26,4/18
448,Hit So Hard,Vari.,"$34,025",4,"$6,500",1,4/13,-
449,District of Corruption,RM,"$31,954",3,"$25,086",3,10/26,11/8
450,Musical Chairs,Pala.,"$31,478",12,"$9,092",9,3/23,-
451,Celine & Julie Go Boating (re-issue),NYer,"$31,452",1,"$5,624",1,5/4,-
452,Whores' Glory,KL,"$31,420",3,"$5,358",3,4/27,-
453,Kalakalappu@Masala Cafe,UTV,"$30,949",10,"$17,101",10,5/11,-
454,L!fe Happens,PMKBNC,"$30,905",16,"$20,186",16,4/13,5/3
455,Meet the Fokkens,KL,"$30,810",1,"$7,628",1,8/8,-
456,The Bay,RAtt.,"$30,668",23,"$19,747",23,11/2,11/15
457,Hide Away (2012),JLF,"$30,655",5,$689,1,5/25,7/26
458,Hermano,MBox,"$29,864",49,"$18,835",49,8/24,9/20
459,Sacrifice,Gold.,"$29,792",11,"$15,243",11,7/27,8/9
460,You've Been Trumped,ICir,"$29,273",5,"$4,497",1,8/3,11/22
461,Kill List,IFC,"$29,063",10,"$9,838",2,2/3,3/8
462,Hitler's Children,FM,"$28,663",3,"$2,939",1,11/16,9/29
463,North Sea Texas,Strand,"$28,307",3,"$4,487",3,11/2,2/21
464,The Ambassador,Drft.,"$28,102",8,"$13,046",4,8/29,-
465,Least Among Saints,BSM,"$28,026",8,"$15,774",3,10/12,11/8
466,Port of Shadows (2012 re-issue),Rialto,"$27,389",2,"$6,618",1,9/14,2/14
467,"The Devil, Probably (2012 re-release)",FDesk,"$26,816",2,"$1,688",1,1/13,7/4
468,Here (2012),Strand,"$26,743",2,"$7,927",1,4/13,7/5
469,"Pink Ribbons, Inc.",FRun,"$26,608",4,"$2,721",3,6/1,9/13
470,Django (2012 re-release),Rialto,"$25,916",10,"$6,150",8,12/21,-
471,Nobody Walks,Magn.,"$25,342",7,"$7,269",2,10/19,11/22
472,Death of the Virgin,Indic.,"$25,247",3,"$8,628",3,2/10,3/22
473,In Another Country,KL,"$25,079",6,"$3,207",1,11/9,3/14
474,Sound of Noise,Magn.,"$24,565",5,"$5,877",3,3/9,-
475,Otter 501,Pala.,"$24,449",4,"$5,444",3,5/11,6/28
476,Radio Unnameable,KL,"$24,090",2,"$5,833",1,9/19,-
477,Attenberg,Strand,"$24,036",2,"$3,998",1,3/9,6/28
478,The Rabbi's Cat,GK,"$23,392",6,"$4,301",1,12/7,1/24
479,Hellbound?,A23,"$22,887",5,"$3,938",4,9/21,10/25
480,The First Time,Gold.,"$22,836",19,"$17,061",19,10/19,10/25
481,Keyhole,Mont.,"$22,826",7,"$3,294",1,4/6,6/21
482,The Long Day Closes (2012 re-release),FDesk,"$22,765",2,"$1,407",1,3/5,6/6
483,Carol Channing: Larger Than Life,EOne,"$22,740",3,"$5,000",2,1/20,2/19
484,The Revisionaries,KL,"$22,664",5,"$2,608",1,10/5,2/28
485,Losing Control,HLM,"$22,081",3,"$2,196",1,3/23,-
486,My Worst Nightmare,Strand,"$21,952",4,"$1,142",1,10/19,-
487,Better Than Something: Jay Reatard,BTS,"$21,697",4,"$5,712",4,3/2,-
488,Sedona,Pasi.,"$21,638",3,N/A,N/A,3/16,-
489,Waiting for Lightning,Gold.,"$21,577",11,"$19,537",11,12/7,12/13
490,Bonsai,Strand,"$21,267",3,"$2,293",1,5/11,8/16
491,Girl Model,FRun,"$21,154",5,"$4,898",1,9/5,12/6
492,Lay the Favorite,RTWC,"$20,998",61,"$20,998",61,12/7,12/13
493,The Day,Anch.,"$20,984",12,"$10,121",12,8/29,9/13
494,The Highest Pass,Libre,"$20,386",2,"$10,125",2,4/27,6/17
495,Jesus Henry Christ,EOne,"$20,183",3,"$8,192",3,4/20,6/3
496,How to Grow a Band,ICir,"$20,135",2,"$5,705",1,4/13,10/4
497,In Over My Head,SBE,"$19,482",1,"$7,476",1,10/26,-
498,Tchoupitoulas,Osci.,"$19,375",6,"$2,379",1,12/7,1/24
499,The Color Wheel,APD/C,"$19,001",3,"$3,884",2,5/18,9/25
500,Sophomore,N/A,"$18,945",1,"$13,097",1,1/13,2/2
Summary of 667 Movies on Chart:
Totals:,"$10,959,497,325",-,-,-,-,-
Averages:,"$16,431,030",-,-,-,-,-
""
Rank,Movie Title (click to view),Studio,Total Gross,Theaters,Opening,Theaters,Open,Close
501,28 Hotel Rooms,Osci.,"$18,869",5,"$1,869",1,11/9,12/13
502,Chely Wright: Wish Me Away,FRun,"$18,618",4,"$5,026",3,6/1,9/27
503,Lovely Molly,Imag.,"$18,464",5,"$12,555",5,5/18,-
504,El Milagro De Marcelino Pan,GPR,"$18,193",1,"$17,092",1,10/26,11/1
505,Total Recall (2012 re-release),Rialto,"$18,081",2,"$5,788",1,8/10,8/26
506,Juan of the Dead,Outs,"$18,000",1,"$12,000",1,3/16,3/18
507,Payback (2012),Zeit.,"$17,979",3,"$2,186",1,4/25,8/2
508,4:44: Last Day on Earth,IFC,"$17,801",3,"$8,355",3,3/23,4/5
509,Little Birds,MNE,"$17,739",2,"$4,574",1,8/29,9/20
510,Grandmaster,UTV,"$17,077",9,"$10,479",9,5/4,5/20
511,The Understudy,Indic.,"$17,036",2,N/A,N/A,3/16,-
512,The Prophet's Son,SBE,"$16,983",1,"$8,168",1,9/29,10/4
513,Inventing Our Life: The Kibbutz Experiment,FRun,"$16,734",3,"$6,193",1,4/27,-
514,Teddy Bear,FM,"$16,138",2,"$5,388",2,8/22,9/6
515,Return (2012),Da.,"$16,124",3,"$6,717",3,2/10,3/22
516,Alps,KL,"$16,057",3,"$2,628",2,7/13,1/3
517,Long Shot: The Kevin Laue Story,DM,"$16,011",1,"$16,011",1,10/26,11/1
518,Patience (After Sebald),CGld,"$15,941",1,"$5,302",1,5/9,-
519,$upercapitalist,Truly,"$15,919",1,"$8,372",1,8/10,8/30
520,This Binary Universe,Indic.,"$15,875",2,"$1,794",2,5/4,6/3
521,Take Me Home,Mont.,"$15,760",6,$322,1,3/9,6/7
522,Michael (2012),Strand,"$15,715",2,N/A,N/A,2/15,5/24
523,Quill: The Life of a Guide Dog,MBox,"$15,674",5,"$1,678",2,5/18,7/26
524,California Solo,Strand,"$15,433",2,"$3,412",1,11/30,1/24
525,A Little Bit of Heaven,MNE,"$15,375",11,"$10,011",11,5/4,5/10
526,Only the Young,Osci.,"$15,312",2,"$1,446",1,12/7,2/28
527,17 Girls,Strand,"$15,123",10,"$4,449",10,9/21,-
528,Kung Fu Joe,Indic.,"$15,120",2,"$3,158",2,2/10,4/5
529,Trade of Innocents,Mont.,"$15,091",3,$588,1,10/5,11/8
530,30 Beats,RAtt.,"$14,693",15,"$8,624",15,7/20,8/2
531,Unraveled,GD,"$14,615",2,"$9,006",2,4/13,-
532,Tristana (2012 re-release),Cohen,"$14,586",2,"$4,754",1,10/12,11/29
533,Silent Night,Anch.,"$14,567",11,"$9,780",11,11/30,12/6
534,Space Dogs 3D,EpicPics,"$14,408",5,"$14,408",5,5/18,5/20
535,Never Stand Still: Dancing at Jacob's Pillow,FRun,"$14,272",2,"$1,951",1,5/18,7/12
536,We Won't Grow Old Together (2012 re-release),FDesk,"$14,104",1,"$1,677",1,6/8,-
537,Gayby,TFC,"$14,062",1,"$4,792",1,10/12,11/15
538,6 Month Rule,SIP,"$14,057",3,"$1,963",1,6/1,6/28
539,Head Games,Vari.,"$14,056",5,"$1,152",2,9/21,11/22
540,Planet of Snail,CGld,"$13,957",2,"$2,011",1,7/25,3/14
541,Falling Away,Indic.,"$13,869",2,"$1,284",2,3/2,-
542,The Day He Arrives,CGld,"$13,746",2,"$3,311",1,4/20,4/25
543,Daisies (2012 re-release),Jan.,"$13,692",1,"$6,576",1,7/6,7/12
544,The Law in These Parts,CGld,"$13,683",1,"$2,814",1,11/16,-
545,When the Iron Bird Flies,AM,"$13,598",1,N/A,N/A,10/19,8/22
546,Reuniting the Rubins,Mont.,"$13,569",4,$734,2,3/16,5/17
547,Dysfunctional Friends,DTP,"$13,546",2,"$7,409",2,2/3,3/29
548,Citadel,Cdgm.,"$13,377",7,"$5,715",1,11/9,1/17
549,The Trouble with Bliss,7A,"$13,093",4,"$4,618",1,3/23,4/26
550,Nothing But a Man (2012 re-release),APD/C,"$13,063",2,"$3,466",1,11/9,-
551,"How Much Does Your Building Weigh, Mr. Foster?",FRun,"$13,013",4,"$2,759",1,1/25,-
552,Norwegian Wood,RF,"$13,000",3,"$13,000",3,1/6,-
553,Virginia,EOne,"$12,728",5,"$6,915",5,5/18,6/3
554,Around June,Indic.,"$12,578",2,N/A,2,2/24,5/31
555,For Ellen,Trib.,"$12,396",3,"$4,616",1,9/5,11/1
556,Grassroots,Gold.,"$12,356",2,"$6,497",1,6/22,-
557,Lost Angels: Skid Row is My Home,Libre,"$12,025",1,"$7,039",1,12/7,-
558,Ultrasuede,Trib.,"$11,539",1,"$3,968",1,1/20,-
559,"Now, Forager",Argo.,"$11,146",4,"$1,539",1,10/3,1/10
560,Dragon (2012),RTWC,"$11,137",14,"$11,137",14,11/30,12/2
561,The Front Line,WGUSA,"$11,018",6,"$7,188",6,1/20,1/26
562,Tales of the Night,GK,"$10,975",1,"$7,154",1,9/26,10/4
563,Henning Mankell's 'Wallander': The Revenge,MBox,"$10,960",2,"$2,230",1,5/25,6/21
564,The Man Who Shook the Hand of Vicente Fernandez,Indic.,"$10,782",2,"$3,099",1,12/7,-
565,Special Forces,EOne,"$10,759",5,"$10,759",5,10/12,-
566,Found Memories,FM,"$10,575",1,"$3,874",1,6/1,6/28
567,China Heavyweight,Zeit.,"$10,550",4,"$3,792",1,7/6,9/20
568,Santa Mesa,Indic.,"$10,490",3,"$3,846",3,1/13,2/2
569,Husbands in Goa,UTV,"$10,135",7,"$4,483",7,9/21,11/1
570,Putin's Kiss,KL,"$10,082",1,"$1,525",1,2/17,-
571,Starry Starry Night,CL,"$10,033",2,"$2,312",2,3/23,9/20
572,Arjun: The Warrior Prince,UTV,"$10,017",10,"$5,527",10,5/25,6/3
573,The Do-Deca-Pentathlon,RF,"$10,000",8,"$10,000",8,7/6,7/12
574,Post Mortem,KL,"$9,750",1,"$2,406",1,4/11,-
575,Rec 3: Genesis,Magn.,"$9,600",8,"$3,001",8,9/7,10/4
576,The City Dark,Argo.,"$9,269",2,"$2,983",1,1/18,2/9
577,Decoding Deepak,SF,"$9,100",3,"$9,100",3,10/5,-
578,Art of Submission,PMP,"$9,004",1,"$8,759",1,9/21,9/27
579,Three Stars,FRun,"$8,942",1,"$1,003",1,9/21,-
580,Corpo Celeste,FM,"$8,919",1,"$2,263",1,6/8,7/5
581,Home Run Showdown,Imag.,"$8,824",1,"$8,824",1,7/27,-
582,The Man in the White Suit (2012 re-release),Rialto,"$8,718",1,"$3,874",1,11/16,1/31
583,Man on a Mission,FRun,"$8,688",5,"$3,430",4,1/13,2/23
584,"Small, Beautiful Moving Parts",Long Shot,"$8,631",1,"$3,087",1,5/11,6/28
585,Mosquita y Mari,TFC,"$8,614",1,"$5,070",1,8/3,8/16
586,General Education,PHP,"$8,601",4,$282,1,8/24,-
587,Cartas a Elena,Free,"$8,511",12,"$7,711",12,6/8,6/11
588,The Snowtown Murders,IFC,"$8,452",3,"$1,273",1,3/2,3/22
589,Dreams of a Life,Strand,"$8,405",1,"$3,085",1,8/3,8/16
590,Restless City,AFFRM,"$8,100",3,"$8,100",3,4/27,4/29
591,The Babymakers,MNE,"$7,889",11,"$5,215",11,8/3,8/9
592,Roadie (2012),Magn.,"$7,825",1,"$2,661",1,1/6,-
593,Photographic Memory,FRun,"$7,822",2,"$3,006",2,10/12,11/22
594,Last Days Here,IFC,"$7,643",1,"$2,671",1,3/2,3/15
595,Brooklyn Brothers Beat the Best,Osci.,"$7,466",3,"$3,850",1,9/21,10/4
596,Bel Borba Aqui,PDA,"$7,426",2,"$1,869",1,10/3,10/25
597,Price Check,IFC,"$7,413",2,"$2,783",1,11/16,11/29
598,The Giant Mechanical Man,Trib.,"$7,396",1,"$1,789",1,4/27,5/17
599,Domain (2012),Strand,"$7,105",1,"$2,810",1,1/13,3/22
600,"Love, Marilyn",SD,"$6,950",1,"$4,000",1,11/30,12/13
Summary of 667 Movies on Chart:
Totals:,"$10,959,497,325",-,-,-,-,-
Averages:,"$16,431,030",-,-,-,-,-
""
Rank,Movie Title (click to view),Studio,Total Gross,Theaters,Opening,Theaters,Open,Close
601,Last Ride,MBox,"$6,853",2,$838,1,6/29,10/11
602,In Our Nature,Cdgm.,"$6,543",1,"$4,378",1,12/7,12/20
603,Windfall,FRun,"$6,504",1,"$1,780",1,2/3,5/10
604,The Beat Hotel,FRun,"$6,480",1,"$1,458",1,3/30,7/19
605,Tonight You're Mine,RAtt.,"$6,255",3,"$2,144",2,5/11,5/31
606,Crazy Eyes,Strand,"$6,141",2,"$3,259",2,7/6,7/26
607,The Last Fall,TFO,"$6,100",1,"$6,100",1,10/26,11/1
608,The Miners' Hymns,Icar.,"$6,051",1,"$3,217",1,2/8,-
609,Las Acacias,OutF,"$6,000",1,"$6,000",1,9/7,9/13
610,American Animal,Scre.,"$5,928",1,"$5,928",1,5/18,5/20
611,Buzzkill,Indic.,"$5,860",1,N/A,1,1/20,-
612,Sushi: The Global Catch,AM,"$5,757",1,$516,1,8/3,2/7
613,Save the Date,IFC,"$5,719",2,"$3,755",2,12/14,12/20
614,Bookers Place,Trib.,"$5,549",2,"$2,455",2,4/25,5/10
615,Young and Wild,IFC,"$5,514",2,"$3,798",2,11/30,12/6
616,Universal Soldier: Day of Reckoning,Magn.,"$5,460",3,"$3,181",3,11/30,12/20
617,The Good Doctor,Magn.,"$5,206",2,"$3,180",2,8/31,9/6
618,Liar's Autobiography,BSM,"$5,102",4,"$5,102",4,11/2,-
619,Downtown Express,ICir,"$5,010",1,"$3,474",1,4/20,4/26
620,Bringing Up Bobby,Mont.,"$4,975",4,"$1,005",1,9/28,-
621,Tomorrow When the War Began,Free,"$4,936",10,"$3,172",10,2/24,2/29
622,Brake,IFC,"$4,876",2,"$4,330",2,3/21,3/29
623,A Man Vanishes (2012 re-release),Icar.,"$4,829",2,"$1,576",2,11/15,4/17
624,Breathing,KL,"$4,630",2,$949,1,8/31,2/28
625,Newlyweds,Trib.,"$4,584",1,"$4,584",1,1/13,1/19
626,Art Is... The Permanent Revolution,FRun,"$4,291",1,"$2,718",1,3/2,5/17
627,Yangsi,KL,"$4,008",1,N/A,N/A,12/7,-
628,The Moth Diaries,IFC,"$3,838",2,"$2,276",2,4/20,4/29
629,Free Radicals: A History of Experimental Film,KL,"$3,804",1,"$1,350",1,8/3,4/18
630,They Come to America,C/360,"$3,775",1,"$3,775",1,3/31,4/1
631,Bad Blood the Hunger,GA,"$3,731",10,"$1,872",10,10/26,11/1
632,Pickin & Grinnin,HLM,"$3,613",1,"$3,003",1,9/7,9/13
633,The Day I Saw Your Heart,FM,"$3,546",1,"$2,810",1,8/24,8/30
634,Loosies,IFC,"$3,519",3,$808,1,1/11,1/26
635,Cirkus Columbia,Strand,"$3,457",1,"$1,284",1,2/17,3/15
636,Vamps,Anch.,"$3,361",1,$548,1,11/2,11/15
637,Sleepless Night,Trib.,"$3,358",2,"$2,106",2,5/11,-
638,After the Wizard,BGP,"$3,184",2,"$2,527",2,8/10,-
639,Apart (2012),Truly,"$3,161",2,"$3,161",2,3/9,3/11
640,ATM,IFC,"$3,010",2,"$2,034",2,4/6,4/12
641,About Cherry,IFC,"$3,003",3,"$2,760",3,9/21,9/27
642,Perfect Sense,IFC,"$2,959",1,"$1,567",1,2/3,2/9
643,Cheerful Weather for the Wedding,IFC,"$2,651",2,$727,1,12/7,12/20
644,Carl,ALP,"$2,592",1,"$2,592",1,4/27,4/29
645,The Samaritan,IFC,"$2,521",3,"$1,744",3,5/18,5/24
646,The Ghastly Love of Johnny X,Strand,"$2,436",2,$86,1,10/26,5/30
647,Why Stop Now?,IFC,"$2,432",3,"$1,641",3,8/17,8/23
648,Split: A Deeper Divide,FPR,"$2,338",1,"$2,338",1,10/12,10/18
649,Scorn,Cort.,"$2,206",1,N/A,N/A,3/1,4/5
650,Patagonia Rising,FRun,"$2,064",1,$981,1,6/8,6/21
651,I Kissed a Vampire,Mont.,"$1,794",11,"$1,380",11,3/30,-
652,Dystopia 2013,ZMG,"$1,708",1,"$1,011",1,1/13,3/15
653,El Velador (The Night Watchman),Icar.,"$1,530",2,$378,2,7/6,11/1
654,Where Are You Taking Me?,Icar.,"$1,492",1,$937,1,3/2,3/8
655,Bestiaire,KS/Zeit,"$1,428",2,N/A,N/A,10/19,-
656,Headshot,KL,"$1,373",1,$456,1,9/28,11/8
657,Jason Becker: Not Dead Yet,KL,"$1,294",2,$319,2,12/12,1/10
658,Snowman's Land,MBox,"$1,190",1,$656,1,9/14,10/4
659,Jack and Diane,Magn.,"$1,142",2,$294,2,11/2,-
660,The Decoy Bride,IFC,$759,1,$542,1,3/9,3/15
661,Nature Calls,Magn.,$646,2,$382,2,11/9,11/15
662,Citizen Gangster,IFC,$625,1,$625,1,4/27,4/29
663,Death of a Superhero,Trib.,$607,1,$345,1,5/4,5/10
664,Gottfried Helnwein and the Dreaming Child,FRun,$601,1,$402,1,11/23,-
665,Meeting Evil,Magn.,$525,1,$181,1,5/4,5/10
666,Apartment 143,Magn.,$383,1,$256,1,6/1,6/7
667,Playback,Magn.,$264,1,$252,1,3/16,3/22
Summary of 667 Movies on Chart:
Totals:,"$10,959,497,325",-,-,-,-,-
Averages:,"$16,431,030",-,-,-,-,-
""
